<?xml version="1.0" encoding="UTF-8"?>
<!DOCTYPE mapper PUBLIC "-//mybatis.org//DTD Mapper 3.0//EN" "http://mybatis.org/dtd/mybatis-3-mapper.dtd">
<mapper namespace="com.example.forum.mapper.PostTagRefMapper">
  <resultMap id="BaseResultMap" type="com.example.forum.entity.PostTagRef">
    <result column="post_id" jdbcType="INTEGER" property="postId"/>
    <result column="tag_id" jdbcType="INTEGER" property="tagId"/>
  </resultMap>

  <delete id="deleteByPostId">
      DELETE
      FROM
          post_tag_ref
      WHERE
          post_id = #{value}
          AND del_flag = 0
  </delete>

  <delete id="deleteByTagId">
      DELETE
      FROM
          post_tag_ref
      WHERE
          tag_id = #{value}
          AND del_flag = 0
  </delete>

  <select id="selectPostIdByTagId" resultType="java.lang.Long">
      SELECT
          post_id
      FROM
          post_tag_ref
      WHERE
          tag_id = #{value}
          AND del_flag = 0
  </select>

  <select id="selectTagIdByPostId" resultType="java.lang.Long">
      SELECT
          tag_id
      FROM
          post_tag_ref
      WHERE
          post_id = #{value}
          AND del_flag = 0
  </select>
</mapper>