<?xml version="1.0" encoding="UTF-8"?>
<!DOCTYPE mapper PUBLIC "-//mybatis.org//DTD Mapper 3.0//EN" "http://mybatis.org/dtd/mybatis-3-mapper.dtd">
<mapper namespace="com.example.forum.mapper.PostCategoryRefMapper">


    <delete id="deleteByPostId">
      DELETE
      FROM
          post_category_ref
      WHERE
          post_id = #{value}
          AND del_flag = 0
  </delete>

    <delete id="deleteByCateId">
      DELETE
      FROM
          post_category_ref
      WHERE
          cate_id = #{value}
          AND del_flag = 0
  </delete>

    <select id="selectPostIdByCateId" resultType="java.lang.Long">
      SELECT
           post_id
      FROM
           post_category_ref
      WHERE
           cate_id = #{value}
           AND del_flag = 0
  </select>

    <select id="selectCateIdByPostId" resultType="java.lang.Long">
       SELECT
            cate_id
       FROM
            post_category_ref
       WHERE
            post_id = #{value}
            AND del_flag = 0
  </select>

    <select id="countPostByCateId" resultType="java.lang.Integer">
      SELECT
          count( * )
      FROM
          post_category_ref
      WHERE
          cate_id = #{value}
          AND del_flag = 0
  </select>

</mapper>